y,N,E,avg_ew,sd_ew,med_ew,max_ew,avg_ew_scaled,sd_ew_scaled,med_ew_scaled,deg_max,deg_min,strength_mean,assort,ed,ld,mean_deg,nc,nc_weighted,m,m_weighted,beta_eff,period,pcgroup
2007,3,2,96629.89525,66823.93701,96629.89525,143881.5543,0.5,0.345772583,0.5,1,0.5,0.666666667,-1,0.666666667,0.666666667,1.333333333,1,0.75,-0.375,-0.40488967,142841.6659,early,CCA
2007,8,14,10639.55418,16406.0108,6166.934269,55176.33932,0.071428571,0.110141637,0.041401669,0.714285714,0.142857143,0.25,0.333333333,0.5,1.75,3.5,0.285714286,0.302930097,0.160714286,0.372716612,35937.34257,late,CCA
2007,5,5,49280.52557,46960.83569,58131.6812,101766.2508,0.2,0.190585775,0.235921515,1,0.25,0.4,-0.805555556,0.5,1,2,0.833333333,0.624972109,-0.26,-0.33631279,94030.8618,early,ERA
2007,9,11,16441.31245,41442.64573,1642.006762,140573.5332,0.090909091,0.229149179,0.009079162,0.625,0,0.222222222,0.16374269,0.305555556,1.222222222,2.444444444,0.410714286,0.35681929,0.165289256,0.346237758,120903.3431,late,ERA
2007,6,9,4537.958233,6267.823775,2655.749453,18361.63262,0.111111111,0.153466565,0.065025559,1,0.2,0.333333333,-0.565217391,0.6,1.5,3,0.6,0.496145377,-0.043209877,0.055884834,13195.07072,early,BGA
2007,6,7,3969.958184,4869.09216,919.2183557,11278.38294,0.142857143,0.175212071,0.033077655,0.8,0,0.333333333,-0.555555556,0.466666667,1.166666667,2.333333333,0.5,0.197499616,-0.153061224,0.263404696,9941.824225,late,BGA
2007,2,1,NA,NA,NA,0,NA,NA,NA,1,1,1,NA,1,0.5,1,NA,NA,-0.5,-0.5,NA,early,BDA
2007,3,3,1700.203032,2909.119595,41.32693519,5059.280263,0.333333333,0.57034749,0.008102353,1,1,0.666666667,NA,1,1,2,0,0.749999162,-0.333333333,-0.495981463,6677.830208,late,BDA
2007,10,11,13687.12484,21783.4804,3096.858064,61045.599,0.090909091,0.144684616,0.020569152,0.444444444,0,0.2,0.193333333,0.244444444,1.1,2.2,0.25,0.397613678,0.214876033,0.21103579,48356.20429,early,SFA
2007,11,25,12261.43659,26800.90162,2906.885285,127204.4564,0.04,0.087431522,0.009483017,1,0.1,0.181818182,-0.530489275,0.454545455,2.272727273,4.545454545,0.666666667,0.270570196,0.1048,0.382600685,70842.52717,late,SFA
2007,9,18,1755.870576,1804.839716,860.4649244,5846.495471,0.055555556,0.057104934,0.027225017,0.875,0.125,0.222222222,-0.476754786,0.5,2,4,0.482142857,0.215028944,0.044753086,0.112316818,3611.045122,early,MRA
2007,9,19,3951.371161,5931.791022,2151.754465,21133.992,0.052631579,0.079010428,0.028660996,1,0.125,0.222222222,-0.398268398,0.527777778,2.111111111,4.222222222,0.607142857,0.2078976,-0.009695291,0.204844792,12856.16479,late,MRA
2007,10,8,13969.80896,35404.09727,1114.812892,101495.8894,0.125,0.316791172,0.009975198,0.444444444,0,0.2,-0.103448276,0.177777778,0.8,1.6,0.333333333,0.442607359,0.21875,0.166791606,103695.4528,early,MNA
2007,14,24,31283.9283,136616.0873,1337.444598,672169.7902,0.041666667,0.181957231,0.001781325,0.538461538,0,0.142857143,-0.02172949,0.263736264,1.714285714,3.428571429,0.320512821,0.439092562,0.160590278,0.180322859,627882.767,late,MNA
2008,4,4,41432.38641,30342.84719,46355.73125,73013.12697,0.25,0.183086529,0.279707104,1,0.333333333,0.5,-0.714285714,0.666666667,1,2,0.666666667,0.666626793,-0.28125,-0.33763392,63653.85265,early,CCA
2008,8,13,25102.00099,53759.06,6969.285536,200728.6203,0.076923077,0.164740345,0.021356819,0.714285714,0.142857143,0.25,0.037037037,0.464285714,1.625,3.25,0.333333333,0.282140188,0.127218935,0.467095167,140233.7203,late,CCA
2008,6,6,22772.09712,24353.63988,16901.04624,64526.4545,0.166666667,0.178241818,0.123697041,1,0.2,0.333333333,-0.833333333,0.4,1,2,0.9,0.598524318,-0.25,-0.330971766,48817.11933,early,ERA
2008,6,6,4866.900892,3865.811202,6207.363493,9355.858216,0.166666667,0.132384423,0.212570711,0.8,0,0.333333333,-0.714285714,0.4,1,2,0.6,0.34525376,-0.097222222,0.015430623,7937.540008,late,ERA
2008,6,9,12958.31134,26375.79361,3226.731928,81917.52331,0.111111111,0.226159386,0.02766763,1,0.2,0.333333333,-0.636363636,0.6,1.5,3,0.6,0.54176681,0.049382716,0.068098072,66644.51088,early,BGA
2008,8,11,4301.869064,4461.679681,2813.052434,14575.10047,0.090909091,0.094286283,0.059446728,0.714285714,0.142857143,0.25,-0.093567251,0.392857143,1.375,2.75,0.428571429,0.154099513,0.144628099,0.424458199,8929.296185,late,BGA
2008,3,1,NA,NA,NA,0,NA,NA,NA,0.5,0,0.666666667,NA,0.333333333,0.333333333,0.666666667,0.5,0.5,-0.5,-0.5,NA,early,BDA
2008,7,11,4940.543652,7996.495979,370.7137611,25112.24048,0.090909091,0.147140524,0.006821365,1,0.333333333,0.285714286,-0.451388889,0.523809524,1.571428571,3.142857143,0.666666667,0.550241159,0.041322314,0.000850434,17883.23831,late,BDA
2008,11,17,10501.60212,15822.60729,2095.824098,57971.1932,0.058823529,0.088628534,0.01173952,0.8,0.1,0.181818182,-0.363154407,0.309090909,1.545454545,3.090909091,0.6,0.237093738,0.344290657,0.244153357,34341.28854,early,SFA
2008,14,27,7610.940037,13818.52666,2215.739362,47512.94762,0.037037037,0.06724495,0.010782429,0.615384615,0,0.142857143,-0.155555556,0.296703297,1.928571429,3.857142857,0.371794872,0.169412137,0.152263374,0.536728136,32700.04574,late,SFA
2008,6,6,4931.541189,4805.474248,3376.834557,11534.78248,0.166666667,0.162406101,0.114123707,0.6,0,0.333333333,NA,0.4,1,2,0.3,0.283253971,-0.25,-0.293226728,9614.171194,early,MRA
2008,13,25,6642.25607,14449.20876,661.1949611,64585.00018,0.04,0.087013862,0.003981749,0.75,0,0.153846154,-0.297457332,0.320512821,1.923076923,3.846153846,0.507575758,0.311342582,0.0728,0.015320945,38074.29234,late,MRA
2008,11,18,18572.79933,55606.69002,292.378005,233730.1773,0.055555556,0.166332522,0.000874571,0.5,0,0.181818182,1,0.327272727,1.636363636,3.272727273,0.211111111,0.381812364,0.277777778,0.141847183,185058.4173,early,MNA
2008,13,22,11349.75845,41641.00382,547.9020492,196890.3274,0.045454545,0.166767681,0.002194288,0.5,0,0.153846154,0.235173824,0.282051282,1.692307692,3.384615385,0.257575758,0.375037086,0.23553719,0.337276956,164125.979,late,MNA
2009,4,3,56692.69064,30699.51627,56598.59906,87439.14456,0.333333333,0.180502495,0.332780107,0.666666667,0.333333333,0.5,-0.5,0.5,0.75,1.5,0.333333333,0.46252255,0,0,73316.70845,early,CCA
2009,9,16,7199.995575,15574.74767,1700.444984,63482.10175,0.0625,0.135197546,0.014760816,0.75,0.125,0.222222222,0.15959596,0.444444444,1.777777778,3.555555556,0.392857143,0.237820359,0.1171875,0.494785702,40890.67809,late,CCA
2009,5,5,60751.74387,81555.73108,22627.00678,191073.0753,0.2,0.268488527,0.074490065,0.75,0.25,0.4,-0.5625,0.5,1,2,0.416666667,0.623618601,-0.24,-0.371620697,170235.6343,early,ERA
2009,10,18,16242.82056,44801.84085,3094.747858,193324.2516,0.055555556,0.153236388,0.010585011,0.777777778,0.111111111,0.2,-0.2,0.4,1.8,3.6,0.472222222,0.327875125,0.097222222,0.433521817,139817.7216,late,ERA
2009,6,6,5915.389795,6640.562262,3060.018731,16755.17673,0.166666667,0.187098469,0.086216317,0.8,0.2,0.333333333,-0.466666667,0.4,1,2,0.6,0.559094878,0.069444444,0.004504813,13370.02401,early,BGA
2009,7,12,9702.487879,12951.91699,4619.751536,39068.79778,0.083333333,0.111242233,0.03967841,0.833333333,0.166666667,0.285714286,-0.4,0.571428571,1.714285714,3.428571429,0.366666667,0.312902707,-0.03125,0.008494002,26992.08986,late,BGA
2009,4,3,9429.147902,10216.4271,5166.47789,21086.63722,0.333333333,0.361164735,0.182642092,1,0.333333333,0.5,-1,0.5,0.75,1.5,1,0.666666667,0,0,20498.58745,early,BDA
2009,6,11,3443.471022,5406.894238,423.5188155,16967.412,0.090909091,0.142744294,0.011181076,1,0.4,0.333333333,-0.390804598,0.733333333,1.833333333,3.666666667,0.4,0.440109428,-0.17768595,-0.308180469,11933.30733,late,BDA
2009,10,6,2741.749101,3388.021499,1883.292213,8958.595891,0.166666667,0.205952561,0.114482407,0.555555556,0,0.2,-0.714285714,0.133333333,0.6,1.2,0.527777778,0.441446375,0.277777778,0.010734806,6928.379333,early,SFA
2009,14,39,7926.286659,19145.45124,550.726855,81625.05157,0.025641026,0.061934299,0.001781566,0.923076923,0.076923077,0.142857143,-0.361359842,0.428571429,2.785714286,5.571428571,0.576923077,0.229097823,0.072649573,0.320886772,54170.93047,late,SFA
2009,10,12,6661.175561,8983.919671,1358.573569,26461.89434,0.083333333,0.112391569,0.016996169,0.666666667,0,0.2,-0.435897436,0.266666667,1.2,2.4,0.5,0.332514477,0.079861111,0.211033368,18777.77749,early,MRA
2009,12,33,5067.381425,8292.71422,1235.93349,30784.56137,0.03030303,0.049590577,0.007390904,0.909090909,0.181818182,0.166666667,-0.328578222,0.5,2.75,5.5,0.490909091,0.217441109,0.101469238,0.291623711,18638.31745,late,MRA
2009,10,11,1790.34012,2167.2544,880.6840839,6946.682504,0.090909091,0.110047876,0.044718983,0.444444444,0,0.2,0.175,0.244444444,1.1,2.2,0.25,0.157229668,0.301652893,0.501249666,4413.859295,early,MNA
2009,13,32,10190.48186,45680.47136,1389.306571,260150.9626,0.03125,0.140083143,0.00426043,0.75,0.083333333,0.153846154,-0.082508251,0.41025641,2.461538462,4.923076923,0.401515152,0.412304996,0.0546875,0.3224286,214960.5303,late,MNA
2010,2,1,NA,NA,NA,0,NA,NA,NA,1,1,1,NA,1,0.5,1,NA,NA,-0.5,-0.5,NA,early,CCA
2010,8,17,6971.89285,7545.699959,2914.103272,23296.15557,0.058823529,0.063664877,0.024586987,0.857142857,0.142857143,0.25,-0.323113208,0.607142857,2.125,4.25,0.333333333,0.249950136,0.060553633,0.174563118,15138.62592,late,CCA
2010,6,6,59505.25321,47121.71028,53159.81478,122146.196,0.166666667,0.131981934,0.148893898,1,0.2,0.333333333,-0.833333333,0.4,1,2,0.9,0.341363119,0,2.22E-16,96820.53984,early,ERA
2010,9,14,48699.46664,143997.8967,6124.464961,546304.7871,0.071428571,0.21120486,0.008982887,0.625,0.125,0.222222222,-0.079889807,0.388888889,1.555555556,3.111111111,0.303571429,0.429418845,0.109693878,0.294374803,474482.2461,late,ERA
2010,7,9,10097.96936,13783.22696,4879.143171,37849.07405,0.111111111,0.151661152,0.053686736,0.666666667,0,0.285714286,-0.5,0.428571429,1.285714286,2.571428571,0.333333333,0.323324195,-0.203703704,-0.296988648,28911.39003,early,BGA
2010,8,18,20052.52557,45261.88673,3923.301021,188589.486,0.055555556,0.125398133,0.010869512,1,0.142857143,0.25,-0.476923077,0.642857143,2.25,4.5,0.476190476,0.423404205,-0.143518519,-0.297602527,122216.135,late,BGA
2010,3,2,2389.102713,2832.390943,2389.102713,4391.905556,0.5,0.592772954,0.5,1,0.5,0.666666667,-1,0.666666667,0.666666667,1.333333333,1,0.75,-0.375,-0.462844944,5747.032203,early,BDA
2010,7,16,8108.973147,12670.44671,2472.547814,46239.30422,0.0625,0.097657608,0.01905719,1,0.333333333,0.285714286,-0.478547855,0.761904762,2.285714286,4.571428571,0.333333333,0.389694157,0,2.22E-16,27906.8214,late,BDA
2010,8,4,21276.41749,33991.94675,6545.171629,71890.8041,0.25,0.399408721,0.076906411,0.428571429,0,0.25,-0.6,0.142857143,0.5,1,0.380952381,0.427735341,0.375,0.002922024,75583.13733,early,SFA
2010,14,36,12011.13871,23285.39856,1806.887083,87079.39626,0.027777778,0.053851399,0.00417873,0.923076923,0.076923077,0.142857143,-0.317814305,0.395604396,2.571428571,5.142857143,0.615384615,0.212154737,0.015817901,0.472224474,57153.38533,late,SFA
2010,11,16,3805.956362,5621.515066,1550.083484,21628.35679,0.0625,0.09231443,0.025454895,0.6,0,0.181818182,-0.412384717,0.290909091,1.454545455,2.909090909,0.377777778,0.336302447,0.216796875,0.282944348,12109.1077,early,MRA
2010,15,47,7176.301554,24708.16481,687.1575694,166350.1979,0.021276596,0.073255789,0.002037313,0.785714286,0,0.133333333,-0.287395677,0.447619048,3.133333333,6.266666667,0.39010989,0.303160497,0.011770032,0.30237218,92247.05889,late,MRA
2010,10,11,13018.25321,27967.65554,3901.140018,94472.00771,0.090909091,0.195303786,0.027242448,0.444444444,0,0.2,0.410714286,0.244444444,1.1,2.2,0.25,0.255398392,0.148760331,0.449373787,73102.33235,early,MNA
2010,13,41,33972.05787,178096.0017,2054.870033,1144843.915,0.024390244,0.12786405,0.001475294,0.916666667,0.083333333,0.153846154,-0.076359965,0.525641026,3.153846154,6.307692308,0.462121212,0.427812163,0.044021416,0.292373475,967627.1792,late,MNA
2011,3,1,NA,NA,NA,0,NA,NA,NA,0.5,0,0.666666667,NA,0.333333333,0.333333333,0.666666667,0.5,0.5,-0.5,-0.5,NA,early,CCA
2011,6,8,9614.664402,15086.17825,3032.959676,43113.90574,0.125,0.196135008,0.039431429,0.8,0,0.333333333,-0.548387097,0.533333333,1.333333333,2.666666667,0.4,0.461944554,-0.2109375,-0.344038112,33286.08595,late,CCA
2011,3,2,173786.8345,33564.48025,173786.8345,197520.5061,0.5,0.09656796,0.5,1,0.5,0.666666667,-1,0.666666667,0.666666667,1.333333333,1,0.75,0,0,180269.3413,early,ERA
2011,8,13,31712.70401,84788.11841,5074.459573,312056.9938,0.076923077,0.205664044,0.012308728,0.714285714,0.142857143,0.25,0.142857143,0.464285714,1.625,3.25,0.333333333,0.386234473,0.142011834,0.367971128,258404.9791,late,ERA
2011,6,8,26603.10461,46790.98005,1958.115,135676.0276,0.125,0.219856765,0.009200594,0.8,0,0.333333333,-0.333333333,0.533333333,1.333333333,2.666666667,0.4,0.479611365,-0.203125,-0.360564164,108901.6125,early,BGA
2011,10,22,17122.79652,47335.62435,2289.357834,224087.3279,0.045454545,0.125658171,0.006077379,0.888888889,0.111111111,0.2,-0.403448276,0.488888889,2.2,4.4,0.5,0.406216201,0.054752066,0.046690572,147981.1718,late,BGA
2011,2,1,NA,NA,NA,0,NA,NA,NA,1,1,1,NA,1,0.5,1,NA,NA,-0.5,-0.5,NA,early,BDA
2011,7,15,13163.43676,44142.23782,739.1434644,172386.8852,0.066666667,0.223559843,0.003743417,1,0.5,0.285714286,-0.388888889,0.714285714,2.142857143,4.285714286,0.4,0.562877205,-0.153333333,-0.439762395,161189.9131,late,BDA
2011,11,7,17096.89994,8875.362017,17115.33692,28401.5361,0.142857143,0.074160161,0.143011197,0.6,0,0.181818182,-0.848,0.127272727,0.636363636,1.272727273,0.577777778,0.269590259,0.071428571,0.176792725,21704.2879,early,SFA
2011,14,33,14390.55511,32397.06109,1342.292915,170747.59,0.03030303,0.068220379,0.002826544,0.846153846,0.076923077,0.142857143,-0.321016166,0.362637363,2.357142857,4.714285714,0.564102564,0.308294842,0.024793388,0.136275312,87325.16805,late,SFA
2011,10,17,12112.63878,28946.9772,637.4994353,95923.94257,0.058823529,0.140577408,0.003095937,0.666666667,0,0.2,-0.239583333,0.377777778,1.7,3.4,0.361111111,0.429619497,0.143598616,0.040131845,81290.58623,early,MRA
2011,13,40,9005.841469,19191.84576,1826.480977,94257.5033,0.025,0.053276104,0.005070267,0.833333333,0,0.153846154,-0.221374046,0.512820513,3.076923077,6.153846154,0.378787879,0.118993443,-0.0071875,0.441833881,49904.51205,late,MRA
2011,11,17,10678.94279,38735.60437,328.5702418,160749.984,0.058823529,0.213369901,0.001809885,0.7,0.1,0.181818182,-0.299828179,0.309090909,1.545454545,3.090909091,0.477777778,0.479125724,0.212802768,0.186805664,151184.1478,early,MNA
2011,11,42,9347.680302,17128.14406,1503.169172,63209.9889,0.023809524,0.043627182,0.00382873,0.9,0,0.181818182,-0.206566347,0.763636364,3.818181818,7.636363636,0.166666667,0.290300347,-0.034297052,0.150973975,40732.29224,late,MNA
2012,3,2,137991.9374,165211.3163,137991.9374,254813.9796,0.5,0.5986267,0.5,1,0.5,0.666666667,-1,0.666666667,0.666666667,1.333333333,1,0.75,-0.375,-0.464588482,335791.7477,early,CCA
2012,8,16,12678.28055,23601.51673,3431.770599,88623.07611,0.0625,0.116348174,0.016917567,1,0.285714286,0.25,-0.464480874,0.571428571,2,4,0.571428571,0.416879266,0.125,0.262995314,56614.17469,late,CCA
2012,5,5,54514.14377,68814.326,23926.27976,166716.9369,0.2,0.252464118,0.087780081,1,0.25,0.4,-0.805555556,0.5,1,2,0.833333333,0.59202379,-0.26,-0.354051259,141379.8842,early,ERA
2012,8,13,42919.91997,91744.32401,15802.80752,341231.4872,0.076923077,0.164428445,0.028322527,0.857142857,0.142857143,0.25,-0.266666667,0.464285714,1.625,3.25,0.523809524,0.284028044,0.127218935,0.461322357,239029.8147,late,ERA
2012,7,9,8000.512587,8304.304786,3124.518282,22059.97427,0.111111111,0.115330177,0.043393307,1,0.166666667,0.285714286,-0.6875,0.428571429,1.285714286,2.571428571,0.8,0.533196693,0,0,16620.14505,early,BGA
2012,9,12,18686.20209,31011.63737,7705.955536,107193.6508,0.083333333,0.138300073,0.034365622,0.75,0,0.222222222,-0.606060606,0.333333333,1.333333333,2.666666667,0.535714286,0.451286214,0.041666667,0.062675392,70153.14265,late,BGA
2012,2,1,NA,NA,NA,0,NA,NA,NA,1,1,1,NA,1,0.5,1,NA,NA,-0.5,-0.5,NA,early,BDA
2012,6,12,14622.14978,33454.47743,778.856483,114961.7627,0.083333333,0.19066096,0.004438794,1,0.4,0.333333333,-0.454545455,0.8,2,4,0.3,0.535534323,0,0,91163.70333,late,BDA
2012,10,8,14139.31177,22304.87514,2274.213642,63291.20212,0.125,0.19718848,0.020105413,0.666666667,0,0.2,-0.653333333,0.177777778,0.8,1.6,0.611111111,0.441704507,0.1796875,0.009581782,49325.42711,early,SFA
2012,15,33,15766.61954,25987.22267,3164.778347,101447.0406,0.03030303,0.049946762,0.006082621,0.714285714,0,0.133333333,-0.26239728,0.314285714,2.2,4.4,0.461538462,0.2458623,0.093204775,0.344292799,58599.8813,late,SFA
2012,11,22,5256.412214,15484.4547,665.711192,72179.42536,0.045454545,0.133901,0.005756702,0.8,0,0.181818182,-0.275362319,0.4,2,4,0.488888889,0.326320551,1.04E-17,0.232674515,50870.8594,early,MRA
2012,14,33,10719.32128,25582.55453,2188.550892,132169.6434,0.03030303,0.07232071,0.006186933,0.769230769,0,0.142857143,-0.309477414,0.362637363,2.357142857,4.714285714,0.474358974,0.153481066,0.084940312,0.561448188,71774.22198,late,MRA
2012,9,7,2882.136081,3688.209998,316.6545318,9535.721727,0.142857143,0.182811334,0.015695429,0.375,0,0.222222222,-0.166666667,0.194444444,0.777777778,1.555555556,0.232142857,0.262049198,0.142857143,0.031834894,7601.862218,early,MNA
2012,14,39,17222.05399,75974.37821,776.3917383,474082.0442,0.025641026,0.113114323,0.00115593,0.846153846,0,0.142857143,-0.351099267,0.428571429,2.785714286,5.571428571,0.487179487,0.328821337,0.043063774,0.413607516,352379.8782,late,MNA
2013,3,2,147988.8231,169684.5461,147988.8231,267973.9163,0.5,0.573301897,0.5,1,0.5,0.666666667,-1,0.666666667,0.666666667,1.333333333,1,0.75,-0.375,-0.457168766,342549.7674,early,CCA
2013,7,11,6402.177128,7609.473179,2427.398991,20863.38292,0.090909091,0.108052351,0.034468374,0.833333333,0,0.285714286,-0.447368421,0.523809524,1.571428571,3.142857143,0.433333333,0.315750234,-0.103305785,0.140515049,15446.61325,late,CCA
2013,5,4,94760.21433,64445.6597,82756.34632,179913.2616,0.25,0.17002299,0.218330939,0.75,0,0.4,-0.714285714,0.4,0.8,1.6,0.583333333,0.297595921,-0.28125,-0.321655956,138589.1892,early,ERA
2013,9,9,37207.73072,78720.32245,14719.15055,245957.5566,0.111111111,0.235077558,0.043954876,0.5,0.125,0.222222222,-0.099236641,0.25,1,2,0.321428571,0.37047765,0.197530864,0.390031117,203756.1615,late,ERA
2013,7,10,22888.76953,38525.34326,4694.916669,105643.0784,0.1,0.168315484,0.020511879,1,0.166666667,0.285714286,-0.702898551,0.476190476,1.428571429,2.857142857,0.733333333,0.529646515,0.02,0.037440982,87732.88759,early,BGA
2013,6,10,23574.73455,39235.8608,6646.48475,125636.4305,0.1,0.166431824,0.028193254,0.8,0.2,0.333333333,-0.176470588,0.666666667,1.666666667,3.333333333,0.2,0.452008391,0.075,0.128744745,88875.69347,late,BGA
2013,3,3,18100.39049,30359.87012,704.0760198,53156.61852,0.333333333,0.559101568,0.012966129,1,1,0.666666667,NA,1,1,2,0,0.731748587,-0.333333333,-0.489630615,69023.14346,early,BDA
2013,5,7,28078.73157,41220.55593,3581.649839,108669.6974,0.142857143,0.209719261,0.018222485,1,0.5,0.4,-0.75,0.7,1.4,2.8,0.5,0.481460657,-0.224489796,-0.348895397,88591.94338,late,BDA
2013,10,9,14153.5229,23709.94228,2489.100489,72392.35628,0.111111111,0.186133025,0.019540486,0.555555556,0,0.2,-0.397515528,0.2,0.9,1.8,0.444444444,0.426457734,0.222222222,0.022938744,53872.35241,early,SFA
2013,14,27,18878.48964,38604.57905,5587.87664,159108.017,0.037037037,0.07573695,0.010962656,0.692307692,0,0.142857143,-0.199380165,0.296703297,1.928571429,3.857142857,0.461538462,0.192446578,0.048010974,0.43522092,97820.9025,late,SFA
2013,11,18,6348.078806,21964.66573,307.9861254,94114.15743,0.055555556,0.192224962,0.002695357,0.7,0,0.181818182,-0.277108434,0.327272727,1.636363636,3.272727273,0.455555556,0.372339686,0.086419753,0.206599464,82346.90547,early,MRA
2013,15,41,7219.723095,18064.92537,1828.914927,95043.06925,0.024390244,0.06102837,0.006178586,0.857142857,0,0.133333333,-0.374238227,0.39047619,2.733333333,5.466666667,0.538461538,0.151614543,0.04164188,0.562388935,52421.1144,late,MRA
2013,9,8,46166.6319,120652.6815,2464.425055,344589.1067,0.125,0.326677182,0.006672636,0.5,0.125,0.222222222,-0.385826772,0.222222222,0.888888889,1.777777778,0.357142857,0.514047318,0.21875,0.125015593,361482.4554,early,MNA
2013,16,42,7337.611121,13094.58658,1309.742947,58127.08398,0.023809524,0.042490106,0.004249933,0.866666667,0,0.125,-0.482320587,0.35,2.625,5.25,0.59047619,0.201308244,0.053854875,0.333167722,30706.00648,late,MNA
2014,3,2,166376.6604,138504.4141,166376.6604,264314.0709,0.5,0.416237511,0.5,1,0.5,0.666666667,-1,0.666666667,0.666666667,1.333333333,1,0.75,-0.375,-0.418313416,281678.1257,early,CCA
2014,6,9,7705.633221,14029.97394,712.6462742,42747.79246,0.111111111,0.202304723,0.010275978,0.8,0,0.333333333,-0.5,0.6,1.5,3,0.3,0.362721115,-0.080246914,0.032995686,33250.60312,late,CCA
2014,5,5,82736.73069,129773.8768,4800.170186,300690.8075,0.2,0.313703178,0.01160348,1,0.25,0.4,-0.805555556,0.5,1,2,0.833333333,0.624031304,0.08,0.00168261,286289.1186,early,ERA
2014,9,16,26616.08476,90037.3886,1907.51529,363879.8197,0.0625,0.211426167,0.004479235,0.75,0.125,0.222222222,0,0.444444444,1.777777778,3.555555556,0.392857143,0.457246353,0.1171875,0.248710413,331196.2444,late,ERA
2014,8,15,20149.56819,30839.72232,5282.148462,111671.7812,0.066666667,0.102036007,0.017476465,0.857142857,0.142857143,0.25,-0.482213439,0.535714286,1.875,3.75,0.428571429,0.437799039,0,-4.44E-16,67351.00018,early,BGA
2014,7,13,17624.64243,33069.47046,987.4959891,115564.0213,0.076923077,0.144332314,0.004309944,0.833333333,0,0.285714286,-0.444444444,0.619047619,1.857142857,3.714285714,0.3,0.401240248,0,2.22E-16,79673.55382,late,BGA
2014,3,3,12008.26706,13664.77035,7802.819372,27281.47328,0.333333333,0.379315635,0.216595765,1,1,0.666666667,NA,1,1,2,0,0.691258685,-0.333333333,-0.405273509,27558.0502,early,BDA
2014,9,19,7266.34492,11072.85944,2786.985584,38085.94086,0.052631579,0.080202919,0.02018669,0.875,0,0.222222222,-0.459756098,0.527777778,2.111111111,4.222222222,0.446428571,0.259142422,-0.006925208,0.044603119,24139.78231,late,BDA
2014,8,5,2311.617891,2279.834012,2262.335565,4947.673496,0.2,0.197250075,0.195736118,0.428571429,0,0.25,-0.666666667,0.178571429,0.625,1.25,0.333333333,0.315091191,0.3,0.315393893,4560.10504,early,SFA
2014,12,26,14326.97597,27169.20322,1336.246368,121982.8527,0.038461538,0.072937189,0.003587225,0.727272727,0,0.166666667,-0.297504798,0.393939394,2.166666667,4.333333333,0.4,0.128224951,-0.028106509,0.443836462,65849.75405,late,SFA
2014,9,13,7360.573408,21215.73869,527.4236225,77502.02685,0.076923077,0.221719125,0.005511941,0.625,0,0.222222222,-0.377880184,0.361111111,1.444444444,2.888888889,0.339285714,0.398192353,-0.017751479,0.073465047,68511.72879,early,MRA
2014,16,45,6417.292341,11552.46817,2135.714235,51656.69678,0.022222222,0.040004647,0.007395692,0.733333333,0,0.125,-0.196153545,0.375,2.8125,5.625,0.40952381,0.141245881,0.138024691,0.465880743,27214.15086,late,MRA
2014,11,12,6106.019926,6432.868548,4396.459795,21029.49776,0.083333333,0.087794076,0.060001712,0.5,0.1,0.181818182,-0.166666667,0.218181818,1.090909091,2.181818182,0.344444444,0.178896769,0.364583333,0.545305012,12883.23295,early,MNA
2014,13,38,28062.42308,133049.0104,3392.600808,825036.4901,0.026315789,0.124767905,0.003181442,0.916666667,0.083333333,0.153846154,-0.239969528,0.487179487,2.923076923,5.846153846,0.507575758,0.397126966,0.047091413,0.34921904,658871.7841,late,MNA
2015,3,1,NA,NA,NA,0,NA,NA,NA,0.5,0,0.666666667,NA,0.333333333,0.333333333,0.666666667,0.5,0.5,-0.5,-0.5,NA,early,CCA
2015,5,6,75386.65152,64890.36921,73338.74935,160278.6169,0.166666667,0.143461227,0.162139114,1,0.5,0.4,-0.5,0.6,1.2,2.4,0.666666667,0.603924665,-0.222222222,-0.312543131,131242.1635,late,CCA
2015,4,0,NA,NA,NA,0,NA,NA,NA,0,0,NA,NA,0,0,0,0,NA,0,0,NA,early,ERA
2015,8,15,34589.69507,55360.03806,4907.48991,170733.1542,0.066666667,0.106698518,0.009458482,1,0.285714286,0.25,-0.380655226,0.535714286,1.875,3.75,0.619047619,0.422304624,0.097777778,0.140942224,123192.2054,late,ERA
2015,6,6,3519.965381,3282.804434,2617.781665,7709.102,0.166666667,0.155437345,0.123949215,0.8,0,0.333333333,-0.714285714,0.4,1,2,0.6,0.198037304,-0.013888889,0.250005727,6581.587808,early,BGA
2015,8,16,21273.7459,26876.58346,5940.28362,93029.48701,0.0625,0.07896054,0.017451921,0.857142857,0.142857143,0.25,-0.309462916,0.571428571,2,4,0.380952381,0.245864238,0.013671875,0.109455226,55228.77864,late,BGA
2015,3,1,NA,NA,NA,0,NA,NA,NA,0.5,0,0.666666667,NA,0.333333333,0.333333333,0.666666667,0.5,0.5,-0.5,-0.5,NA,early,BDA
2015,7,12,17357.65801,31447.09098,4225.551035,110353.4972,0.083333333,0.150976066,0.02028668,1,0.166666667,0.285714286,-0.565217391,0.571428571,1.714285714,3.428571429,0.6,0.487336996,0.041666667,0.037604911,74330.75486,late,BDA
2015,10,12,13042.16203,42861.35238,253.9966989,149109.1987,0.083333333,0.273864054,0.00162292,0.555555556,0,0.2,0.142857143,0.266666667,1.2,2.4,0.361111111,0.418187914,0.152777778,0.090056164,153900.3666,early,SFA
2015,11,20,59004.77329,121659.259,11049.46233,520856.6354,0.05,0.103092726,0.009363194,0.9,0.1,0.181818182,-0.642955484,0.363636364,1.818181818,3.636363636,0.655555556,0.516554313,-0.03875,0.021098735,309848.4672,late,SFA
2015,8,15,5553.236772,13248.35645,946.1892459,52009.23661,0.066666667,0.15904666,0.011359012,0.857142857,0.142857143,0.25,-0.341463415,0.535714286,1.875,3.75,0.428571429,0.414311614,0.006666667,0.240207367,37159.83954,early,MRA
2015,16,41,8466.399241,17677.78336,1593.442938,104118.4209,0.024390244,0.050926661,0.004590436,0.666666667,0,0.125,-0.373103087,0.341666667,2.5625,5.125,0.371428571,0.150593138,0.03569304,0.430936157,45377.48928,late,MRA
2015,12,19,7262.283045,23598.58167,318.0691383,103419.827,0.052631579,0.171024815,0.002305126,0.636363636,0.090909091,0.166666667,-0.112612613,0.287878788,1.583333333,3.166666667,0.418181818,0.381497006,0.156509695,0.37951542,83945.20125,early,MNA
2015,11,26,15139.17604,24168.34012,8110.741801,107021.3862,0.038461538,0.061400405,0.020605587,0.8,0.1,0.181818182,0.037037037,0.472727273,2.363636364,4.727272727,0.4,0.171974232,0.014792899,0.421236664,53721.76881,late,MNA
2016,1,0,NA,NA,NA,0,NA,NA,NA,NA,NA,NA,NA,NA,0,0,NA,NA,0,0,NA,early,CCA
2016,6,8,12094.99275,13818.01938,8823.56931,44180.66769,0.125,0.142807231,0.091190312,0.8,0,0.333333333,-0.333333333,0.533333333,1.333333333,2.666666667,0.4,0.348012674,-0.03125,0.058238195,27881.49743,late,CCA
2016,5,5,77641.91163,111403.7397,19682.11016,260694.1846,0.2,0.28696805,0.050699705,1,0.25,0.4,-0.805555556,0.5,1,2,0.833333333,0.624027337,-0.26,-0.382326347,237488.4812,early,ERA
2016,8,12,15259.1514,36193.92874,5163.22401,129684.1834,0.083333333,0.197662416,0.028197418,0.857142857,0.142857143,0.25,-0.299145299,0.428571429,1.5,3,0.571428571,0.377743906,0.135416667,0.3593755,101109.3041,late,ERA
2016,6,9,10528.41401,19589.21861,2242.875842,61026.19647,0.111111111,0.206733877,0.023670082,0.8,0,0.333333333,-0.5,0.6,1.5,3,0.3,0.356746817,0,0,46976.20998,early,BGA
2016,9,21,10313.40848,12866.52088,4327.304017,44390.2489,0.047619048,0.059407273,0.019980019,0.875,0,0.222222222,-0.368888889,0.583333333,2.333333333,4.666666667,0.375,0.185251398,-0.094104308,0.066205556,26365.07169,late,BGA
2016,3,1,NA,NA,NA,0,NA,NA,NA,0.5,0,0.666666667,NA,0.333333333,0.333333333,0.666666667,0.5,0.5,-0.5,-0.5,NA,early,BDA
2016,7,14,14540.68775,35641.93203,2318.7206,135783.1458,0.071428571,0.175084723,0.011390307,1,0.5,0.285714286,-0.494791667,0.666666667,2,4,0.466666667,0.499321587,0.017857143,0.024124054,101905.6969,late,BDA
2016,9,8,8540.7525,20737.70063,793.2303091,59727.09041,0.125,0.303511029,0.011609491,0.75,0,0.222222222,-0.653333333,0.222222222,0.888888889,1.777777778,0.678571429,0.491688302,-0.03125,0.014398568,58893.71933,early,SFA
2016,14,27,26448.00841,47846.87683,7141.349191,202933.7385,0.037037037,0.067003402,0.010000542,0.692307692,0,0.142857143,-0.189979123,0.296703297,1.928571429,3.857142857,0.461538462,0.254544991,0.061728395,0.41134878,113007.404,late,SFA
2016,9,15,3860.443415,6830.703267,855.839566,26721.56217,0.066666667,0.117960599,0.014779642,0.625,0,0.222222222,0.53125,0.416666667,1.666666667,3.333333333,0.267857143,0.286468817,0.051111111,0.195805738,15946.75115,early,MRA
2016,11,19,14041.6327,18868.87377,8189.227223,71255.22376,0.052631579,0.070725295,0.030695288,0.7,0,0.181818182,-0.147965475,0.345454545,1.727272727,3.454545455,0.433333333,0.113074774,0.120498615,0.421697065,39397.25944,late,MRA
2016,7,9,4588.741438,7283.542856,1187.488222,22658.72511,0.111111111,0.176362637,0.028753665,0.666666667,0,0.285714286,-0.384615385,0.428571429,1.285714286,2.571428571,0.333333333,0.315054691,0.067901235,0.131321218,16149.64485,early,MNA
2016,12,34,15120.13782,52609.72871,3051.50368,309115.9198,0.029411765,0.102336697,0.0059358,0.818181818,0.090909091,0.166666667,0.102456874,0.515151515,2.833333333,5.666666667,0.363636364,0.284483196,0.057093426,0.479479144,198172.9373,late,MNA
